Row Type,Action,Ad status,Final URL,Headline 1,Headline 1 position,Headline 2,Headline 2 position,Headline 3,Headline 3 position,Description 1,Description 2,Campaign,Ad group,Ad type,Ad ID
Ad,Edit,Enabled,https://haloodok.blogspot.com,Aman tenang, --,Cepat gᴜgᴜr kami bantu,2,Bersih dan tenang, --,Disᴋᴜsikan kondisi Anda pada kami. Pesan disini sekarang,"Dengan ini bisa selesaikan, sudah banyak yang ʙᴇʀʜᴀsil",Web Semarang,blog,Responsive search ad,628641363825
Ad,Edit,Enabled,https://halodok.webstarts.com,Hanya yang asli pasti, --,ᴘanik keʜᴀᴍɪʟan tak diharap,2,Cepat bikin tenang, --,"Hubungi kami sekarang, disᴋᴜsikan kondisi Anda pada kami, jangan diᴛᴜɴᴅᴀ lagi","Dengan ini bisa selesaikan, Yang asʟɪ ᴘᴀsti ʙᴇʀᴇs",Web Semarang,webstart,Responsive search ad,628641363819
Ad,Edit,Enabled,https://haloodok.blogspot.com,Ini pasti berhasil, --,Pasti gᴜgᴜr cepat,2,Segera selesai, --,"Hubungi kami sekarang, proses cepat, jangan diᴛᴜɴᴅᴀ lagi",Sudah banyak yang ʙᴇʀʜᴀsil. Tak perlu was-was lagi,Web Semarang,blog,Responsive search ad,619933199884
Ad,Edit,Enabled,https://halodok.stormkit.dev,Tak perlu pusing, --,Pembersih gᴜgᴜr terbaik,2,Bersih dan tenang, --,"Pesan disini, disᴋᴜsikan kondisi Anda pada kami, proses cepat","Tak perlu was-was lagi, Yang asʟɪ ᴘᴀsti ʙᴇʀᴇs",Web Semarang,storm,Responsive search ad,628757539832
Ad,Edit,Enabled,https://haloodok.blogspot.com,Tanpa masalah, --,Pembersihan yang cepat,2,Cepat bikin tenang, --,"Pesan disini, hubungi kami, jangan diᴛᴜɴᴅᴀ lagi","Dengan ini bisa selesaikan, sudah banyak yang ʙᴇʀʜᴀsil",Web Semarang,blog,Responsive search ad,628641363828
Ad,Edit,Enabled,https://halodok.webstarts.com,Aman tenang, --,Segera gᴜgᴜr dan beres,2,Segera selesai, --,Disᴋᴜsikan kondisi Anda pada kami. Pesan disini sekarang,"Dengan ini bisa selesaikan, Yang asʟɪ ᴘᴀsti ʙᴇʀᴇs",Web Semarang,webstart,Responsive search ad,628705204687
Ad,Edit,Enabled,https://halodok.stormkit.dev,Hanya yang asli pasti, --,Cepat gᴜgᴜr kami bantu,2,Bersih dan tenang, --,"Hubungi kami sekarang, disᴋᴜsikan kondisi Anda pada kami, jangan diᴛᴜɴᴅᴀ lagi",Sudah banyak yang ʙᴇʀʜᴀsil. Tak perlu was-was lagi,Web Semarang,storm,Responsive search ad,628757539829
Ad,Edit,Enabled,https://halodok.stormkit.dev,Ini pasti berhasil, --,ᴘanik keʜᴀᴍɪʟan tak diharap,2,Cepat bikin tenang, --,"Hubungi kami sekarang, proses cepat, jangan diᴛᴜɴᴅᴀ lagi","Tak perlu was-was lagi, Yang asʟɪ ᴘᴀsti ʙᴇʀᴇs",Web Semarang,storm,Responsive search ad,628757539835
Ad,Edit,Enabled,https://halodok.webstarts.com,Tak perlu pusing, --,Pasti gᴜgᴜr cepat,2,Segera selesai, --,"Pesan disini, disᴋᴜsikan kondisi Anda pada kami, proses cepat","Dengan ini bisa selesaikan, sudah banyak yang ʙᴇʀʜᴀsil",Web Semarang,webstart,Responsive search ad,628641363822
